{
  "Ansi 7 Color (Light)" : {
    "Green Component" : 0.84313725490196079,
    "Blue Component" : 0.81176470588235294,
    "Red Component" : 0.82745098039215681
  },
  "Ansi 15 Color (Light)" : {
    "Red Component" : 0.99999994039535522,
    "Color Space" : "P3",
    "Blue Component" : 1,
    "Alpha Component" : 1,
    "Green Component" : 1
  },
  "Ansi 2 Color (Light)" : {
    "Green Component" : 0.60392156862745094,
    "Blue Component" : 0.023529411764705882,
    "Red Component" : 0.30588235294117649
  },
  "Bold Color" : {
    "Red Component" : 0.062745101749897003,
    "Color Space" : "sRGB",
    "Blue Component" : 0.062745101749897003,
    "Alpha Component" : 1,
    "Green Component" : 0.062745101749897003
  },
  "Ansi 1 Color (Dark)" : {
    "Green Component" : 0,
    "Blue Component" : 0,
    "Red Component" : 0.80000000000000004
  },
  "Use Bright Bold" : true,
  "Ansi 9 Color (Light)" : {
    "Green Component" : 0.16078431372549021,
    "Blue Component" : 0.16078431372549021,
    "Red Component" : 0.93725490196078431
  },
  "Ansi 8 Color (Dark)" : {
    "Green Component" : 0.3411764705882353,
    "Blue Component" : 0.32549019607843138,
    "Red Component" : 0.33333333333333331
  },
  "Background Color" : {
    "Red Component" : 0.97999999999999998,
    "Color Space" : "sRGB",
    "Blue Component" : 0.97999999999999998,
    "Alpha Component" : 1,
    "Green Component" : 0.97999999999999998
  },
  "Columns" : 80,
  "Ansi 8 Color" : {
    "Red Component" : 0.40781760215759277,
    "Color Space" : "sRGB",
    "Blue Component" : 0.4078223705291748,
    "Alpha Component" : 1,
    "Green Component" : 0.40782788395881653
  },
  "Right Option Key Sends" : 0,
  "Ansi 4 Color (Light)" : {
    "Green Component" : 0.396078431372549,
    "Blue Component" : 0.64313725490196083,
    "Red Component" : 0.20392156862745098
  },
  "Blinking Cursor" : true,
  "Selected Text Color (Light)" : {
    "Red Component" : 0,
    "Color Space" : "P3",
    "Blue Component" : 0,
    "Alpha Component" : 1,
    "Green Component" : 0
  },
  "Selected Text Color (Dark)" : {
    "Red Component" : 0,
    "Color Space" : "P3",
    "Blue Component" : 0,
    "Alpha Component" : 1,
    "Green Component" : 0
  },
  "Cursor Type" : 0,
  "Keyboard Map" : {
    "0xf700-0x320000-0x7e" : {
      "Version" : 2,
      "Apply Mode" : 0,
      "Action" : 28,
      "Text" : "6D1C8FBE-C9AE-4DC8-B1A7-7044BC6C26BE",
      "Escaping" : 2
    },
    "0x6b-0x100000-0x28" : {
      "Version" : 2,
      "Apply Mode" : 0,
      "Action" : 13,
      "Text" : "",
      "Escaping" : 2
    },
    "0xf703-0x320000-0x7c" : {
      "Version" : 2,
      "Apply Mode" : 0,
      "Action" : 29,
      "Text" : "6D1C8FBE-C9AE-4DC8-B1A7-7044BC6C26BE",
      "Escaping" : 2
    },
    "0xf701-0x320000-0x7d" : {
      "Version" : 2,
      "Apply Mode" : 0,
      "Action" : 28,
      "Text" : "6D1C8FBE-C9AE-4DC8-B1A7-7044BC6C26BE",
      "Escaping" : 2
    },
    "0xf702-0x320000-0x7b" : {
      "Version" : 2,
      "Apply Mode" : 0,
      "Action" : 29,
      "Text" : "6D1C8FBE-C9AE-4DC8-B1A7-7044BC6C26BE",
      "Escaping" : 2
    }
  },
  "Open Toolbelt" : false,
  "Ansi 3 Color (Dark)" : {
    "Green Component" : 0.62745098039215685,
    "Blue Component" : 0,
    "Red Component" : 0.7686274509803922
  },
  "Visual Bell" : true,
  "Only The Default BG Color Uses Transparency" : false,
  "Cursor Text Color" : {
    "Red Component" : 1,
    "Color Space" : "sRGB",
    "Blue Component" : 1,
    "Alpha Component" : 1,
    "Green Component" : 1
  },
  "Scrollback Lines" : 2500,
  "Selection Color (Light)" : {
    "Red Component" : 0.77888357639312744,
    "Color Space" : "P3",
    "Blue Component" : 0.98825246095657349,
    "Alpha Component" : 1,
    "Green Component" : 0.86601698398590088
  },
  "Ansi 0 Color" : {
    "Red Component" : 0.078431375324726105,
    "Color Space" : "sRGB",
    "Blue Component" : 0.11764705926179886,
    "Alpha Component" : 1,
    "Green Component" : 0.098039217293262482
  },
  "Match Background Color (Dark)" : {
    "Red Component" : 0.99697142839431763,
    "Color Space" : "P3",
    "Blue Component" : 0.32116127014160156,
    "Alpha Component" : 1,
    "Green Component" : 0.98600882291793823
  },
  "Ansi 11 Color (Light)" : {
    "Green Component" : 0.9137254901960784,
    "Blue Component" : 0.30980392156862746,
    "Red Component" : 0.9882352941176471
  },
  "Ansi 5 Color (Dark)" : {
    "Green Component" : 0.31372549019607843,
    "Blue Component" : 0.4823529411764706,
    "Red Component" : 0.45882352941176469
  },
  "Cursor Text Color (Light)" : {
    "Red Component" : 0.99999994039535522,
    "Color Space" : "P3",
    "Blue Component" : 1,
    "Alpha Component" : 1,
    "Green Component" : 1
  },
  "Silence Bell" : false,
  "Use Custom Tab Title" : false,
  "Rows" : 25,
  "Draw Powerline Glyphs" : true,
  "Guid" : "6D1C8FBE-C9AE-4DC8-B1A7-7044BC6C26BE",
  "Ansi 14 Color (Dark)" : {
    "Green Component" : 0.88627450980392153,
    "Blue Component" : 0.88627450980392153,
    "Red Component" : 0.20392156862745098
  },
  "Ansi 15 Color (Dark)" : {
    "Red Component" : 0.99999994039535522,
    "Color Space" : "P3",
    "Blue Component" : 1,
    "Alpha Component" : 1,
    "Green Component" : 1
  },
  "Ansi 0 Color (Dark)" : {
    "Green Component" : 0.20392156862745098,
    "Blue Component" : 0.21176470588235294,
    "Red Component" : 0.1803921568627451
  },
  "Ambiguous Double Width" : false,
  "Option Key Sends" : 0,
  "Ansi 3 Color" : {
    "Red Component" : 0.78058648109436035,
    "Color Space" : "sRGB",
    "Blue Component" : 0,
    "Alpha Component" : 1,
    "Green Component" : 0.76959484815597534
  },
  "Use Custom Window Title" : false,
  "Window Type" : 0,
  "BM Growl" : true,
  "Prompt Before Closing 2" : 1,
  "Command" : "",
  "Selected Text Color" : {
    "Red Component" : 0,
    "Color Space" : "sRGB",
    "Blue Component" : 0,
    "Alpha Component" : 1,
    "Green Component" : 0
  },
  "Ansi 14 Color (Light)" : {
    "Green Component" : 0.88627450980392153,
    "Blue Component" : 0.88627450980392153,
    "Red Component" : 0.20392156862745098
  },
  "Cursor Guide Color (Dark)" : {
    "Red Component" : 0.74862593412399292,
    "Color Space" : "P3",
    "Blue Component" : 0.99125725030899048,
    "Alpha Component" : 0.25,
    "Green Component" : 0.92047786712646484
  },
  "Blend" : 0.5011405109489051,
  "ASCII Ligatures" : false,
  "Send Code When Idle" : false,
  "Ansi 6 Color" : {
    "Red Component" : 0,
    "Color Space" : "sRGB",
    "Blue Component" : 0.78166204690933228,
    "Alpha Component" : 1,
    "Green Component" : 0.77425903081893921
  },
  "Jobs to Ignore" : [
    "rlogin",
    "ssh",
    "slogin",
    "telnet"
  ],
  "Badge Color (Dark)" : {
    "Red Component" : 0.92929404973983765,
    "Color Space" : "P3",
    "Blue Component" : 0.13960540294647217,
    "Alpha Component" : 0.5,
    "Green Component" : 0.25479039549827576
  },
  "Cursor Color" : {
    "Red Component" : 0,
    "Color Space" : "sRGB",
    "Blue Component" : 0,
    "Alpha Component" : 1,
    "Green Component" : 0
  },
  "Vertical Spacing" : 1,
  "Bound Hosts" : [

  ],
  "Disable Window Resizing" : true,
  "Close Sessions On End" : true,
  "Selection Color (Dark)" : {
    "Red Component" : 0.77888357639312744,
    "Color Space" : "P3",
    "Blue Component" : 0.98825246095657349,
    "Alpha Component" : 1,
    "Green Component" : 0.86601698398590088
  },
  "Default Bookmark" : "No",
  "Foreground Color (Light)" : {
    "Green Component" : 1,
    "Blue Component" : 1,
    "Red Component" : 1
  },
  "Custom Command" : "No",
  "Background Color (Dark)" : {
    "Green Component" : 0.039215686274509803,
    "Blue Component" : 0.14117647058823529,
    "Red Component" : 0.18823529411764706
  },
  "Ansi 9 Color" : {
    "Red Component" : 0.8659515380859375,
    "Color Space" : "sRGB",
    "Blue Component" : 0.45833224058151245,
    "Alpha Component" : 1,
    "Green Component" : 0.47524076700210571
  },