{
  "Ansi 7 Color (Light)" : {
    "Green Component" : 0.86274509803921573,
    "Red Component" : 0.97254901960784312,
    "Blue Component" : 0.75294117647058822
  },
  "Ansi 15 Color (Light)" : {
    "Red Component" : 0.99999994039535522,
    "Color Space" : "P3",
    "Blue Component" : 1,
    "Alpha Component" : 1,
    "Green Component" : 1
  },
  "Ansi 2 Color (Light)" : {
    "Green Component" : 0.69411764705882351,
    "Red Component" : 0.29019607843137257,
    "Blue Component" : 0.094117647058823528
  },
  "Bold Color" : {
    "Red Component" : 0.062745101749897003,
    "Color Space" : "sRGB",
    "Blue Component" : 0.062745101749897003,
    "Alpha Component" : 1,
    "Green Component" : 0.062745101749897003
  },
  "Ansi 1 Color (Dark)" : {
    "Green Component" : 0,
    "Red Component" : 0.74117647058823533,
    "Blue Component" : 0.074509803921568626
  },
  "Use Bright Bold" : true,
  "Ansi 9 Color (Light)" : {
    "Green Component" : 0.37254901960784315,
    "Red Component" : 0.9882352941176471,
    "Blue Component" : 0.35294117647058826
  },
  "Ansi 8 Color (Dark)" : {
    "Green Component" : 0.48627450980392156,
    "Red Component" : 0.30588235294117649,
    "Blue Component" : 0.74901960784313726
  },
  "Background Color" : {
    "Red Component" : 0.97999999999999998,
    "Color Space" : "sRGB",
    "Blue Component" : 0.97999999999999998,
    "Alpha Component" : 1,
    "Green Component" : 0.97999999999999998
  },
  "Columns" : 80,
  "Ansi 8 Color" : {
    "Red Component" : 0.40781760215759277,
    "Color Space" : "sRGB",
    "Blue Component" : 0.4078223705291748,
    "Alpha Component" : 1,
    "Green Component" : 0.40782788395881653
  },
  "Right Option Key Sends" : 0,
  "Ansi 4 Color (Light)" : {
    "Green Component" : 0.29019607843137257,
    "Red Component" : 0.058823529411764705,
    "Blue Component" : 0.77647058823529413
  },
  "Blinking Cursor" : true,
  "Selected Text Color (Light)" : {
    "Red Component" : 0,
    "Color Space" : "P3",
    "Blue Component" : 0,
    "Alpha Component" : 1,
    "Green Component" : 0
  },
  "Selected Text Color (Dark)" : {
    "Red Component" : 0,
    "Color Space" : "P3",
    "Blue Component" : 0,
    "Alpha Component" : 1,
    "Green Component" : 0
  },
  "Cursor Type" : 0,
  "Keyboard Map" : {
    "0xf700-0x320000-0x7e" : {
      "Version" : 2,
      "Apply Mode" : 0,
      "Action" : 28,
      "Text" : "6D1C8FBE-C9AE-4DC8-B1A7-7044BC6C26BE",
      "Escaping" : 2
    },
    "0xf703-0x320000-0x7c" : {
      "Version" : 2,
      "Apply Mode" : 0,
      "Action" : 29,
      "Text" : "6D1C8FBE-C9AE-4DC8-B1A7-7044BC6C26BE",
      "Escaping" : 2
    },
    "0x6b-0x100000-0x28" : {
      "Version" : 2,
      "Apply Mode" : 0,
      "Action" : 13,
      "Text" : "",
      "Escaping" : 2
    },
    "0xf701-0x320000-0x7d" : {
      "Version" : 2,
      "Apply Mode" : 0,
      "Action" : 28,
      "Text" : "6D1C8FBE-C9AE-4DC8-B1A7-7044BC6C26BE",
      "Escaping" : 2
    },
    "0xf702-0x320000-0x7b" : {
      "Version" : 2,
      "Apply Mode" : 0,
      "Action" : 29,
      "Text" : "6D1C8FBE-C9AE-4DC8-B1A7-7044BC6C26BE",
      "Escaping" : 2
    }
  },
  "Open Toolbelt" : false,
  "Ansi 3 Color (Dark)" : {
    "Green Component" : 0.45490196078431372,
    "Red Component" : 0.90588235294117647,
    "Blue Component" : 0.11764705882352941
  },
  "Visual Bell" : true,
  "Cursor Text Color" : {
    "Red Component" : 1,
    "Color Space" : "sRGB",
    "Blue Component" : 1,
    "Alpha Component" : 1,
    "Green Component" : 1
  },
  "Scrollback Lines" : 2500,
  "Selection Color (Light)" : {
    "Red Component" : 0.77888357639312744,
    "Color Space" : "P3",
    "Blue Component" : 0.98825246095657349,
    "Alpha Component" : 1,
    "Green Component" : 0.86601698398590088
  },
  "Ansi 0 Color" : {
    "Red Component" : 0.078431375324726105,
    "Color Space" : "sRGB",
    "Blue Component" : 0.11764705926179886,
    "Alpha Component" : 1,
    "Green Component" : 0.098039217293262482
  },
  "Match Background Color (Dark)" : {
    "Red Component" : 1,
    "Color Space" : "P3",
    "Blue Component" : 0,
    "Alpha Component" : 1,
    "Green Component" : 1
  },
  "Ansi 11 Color (Light)" : {
    "Green Component" : 0.75686274509803919,
    "Red Component" : 0.93725490196078431,
    "Blue Component" : 0.10196078431372549
  },
  "Ansi 5 Color (Dark)" : {
    "Green Component" : 0.34901960784313724,
    "Red Component" : 0.40000000000000002,
    "Blue Component" : 0.57647058823529407
  },
  "Cursor Text Color (Light)" : {
    "Red Component" : 0.99999994039535522,
    "Color Space" : "P3",
    "Blue Component" : 1,
    "Alpha Component" : 1,
    "Green Component" : 1
  },
  "Silence Bell" : false,
  "Use Custom Tab Title" : false,
  "Rows" : 25,
  "Draw Powerline Glyphs" : true,
  "Guid" : "6D1C8FBE-C9AE-4DC8-B1A7-7044BC6C26BE",
  "Ansi 14 Color (Dark)" : {
    "Green Component" : 0.98039215686274506,
    "Red Component" : 0.78431372549019607,
    "Blue Component" : 0.95686274509803926
  },
  "Ansi 15 Color (Dark)" : {
    "Red Component" : 0.99999994039535522,
    "Color Space" : "P3",
    "Blue Component" : 1,
    "Alpha Component" : 1,
    "Green Component" : 1
  },
  "Ansi 0 Color (Dark)" : {
    "Green Component" : 0.015686274509803921,
    "Red Component" : 0.019607843137254902,
    "Blue Component" : 0.015686274509803921
  },
  "Ambiguous Double Width" : false,
  "Option Key Sends" : 0,
  "Ansi 3 Color" : {
    "Red Component" : 0.78058648109436035,
    "Color Space" : "sRGB",
    "Blue Component" : 0,
    "Alpha Component" : 1,
    "Green Component" : 0.76959484815597534
  },
  "Use Custom Window Title" : false,
  "Window Type" : 0,
  "BM Growl" : true,
  "Prompt Before Closing 2" : 1,
  "Command" : "",
  "Selected Text Color" : {
    "Red Component" : 0,
    "Color Space" : "sRGB",
    "Blue Component" : 0,
    "Alpha Component" : 1,
    "Green Component" : 0
  },
  "Ansi 14 Color (Light)" : {
    "Green Component" : 0.98039215686274506,
    "Red Component" : 0.78431372549019607,
    "Blue Component" : 0.95686274509803926
  },
  "Cursor Guide Color (Dark)" : {
    "Red Component" : 0.74862593412399292,
    "Color Space" : "P3",
    "Blue Component" : 0.99125725030899048,
    "Alpha Component" : 0.25,
    "Green Component" : 0.92047786712646484
  },
  "Blend" : 0.49769046532846717,
  "ASCII Ligatures" : false,
  "Send Code When Idle" : false,
  "Ansi 6 Color" : {
    "Red Component" : 0,
    "Color Space" : "sRGB",
    "Blue Component" : 0.78166204690933228,
    "Alpha Component" : 1,
    "Green Component" : 0.77425903081893921
  },
  "Jobs to Ignore" : [
    "rlogin",
    "ssh",
    "slogin",
    "telnet"
  ],
  "Badge Color (Dark)" : {
    "Red Component" : 0.92929404973983765,
    "Color Space" : "P3",
    "Blue Component" : 0.13960540294647217,
    "Alpha Component" : 0.5,
    "Green Component" : 0.25479039549827576
  },
  "Cursor Color" : {
    "Red Component" : 0,
    "Color Space" : "sRGB",
    "Blue Component" : 0,
    "Alpha Component" : 1,
    "Green Component" : 0
  },
  "Vertical Spacing" : 1,
  "Bound Hosts" : [

  ],
  "Disable Window Resizing" : true,
  "Close Sessions On End" : true,
  "Selection Color (Dark)" : {
    "Red Component" : 0.77888357639312744,
    "Color Space" : "P3",
    "Blue Component" : 0.98825246095657349,
    "Alpha Component" : 1,
    "Green Component" : 0.86601698398590088
  },
  "Default Bookmark" : "No",
  "Foreground Color (Light)" : {
    "Green Component" : 0.86274509803921573,
    "Red Component" : 0.97254901960784312,
    "Blue Component" : 0.75294117647058822
  },
  "Custom Command" : "No",
  "Background Color (Dark)" : {
    "Green Component" : 0.11372549019607843,
    "Red Component" : 0.12156862745098039,
    "Blue Component" : 0.27058823529411763
  },
  "Ansi 9 Color" : {
    "Red Component" : 0.8659515380859375,
    "Color Space" : "sRGB",
    "Blue Component" : 0.45833224058151245,
    "Alpha Component" : 1,
    "Green Component" : 0.47524076700210571
  },